类别,precision,recall,f1-score,support,AP,AUC
class_0,0.7596153846153846,0.6929824561403509,0.7247706422018347,114.0,0.8110737523149847,0.9913182619729612
class_1,0.9705882352941176,0.9615623062616244,0.9660541887262536,1613.0,0.994042857167056,0.9977326155215814
class_2,0.9644107351225204,0.979845880260818,0.9720670391061452,1687.0,0.9953062096761556,0.9982103295546544
class_3,0.9581749049429658,0.9692307692307692,0.9636711281070748,780.0,0.9909760264137008,0.9988196108748874
class_4,0.9922580645161292,0.9852658552210122,0.9887495981999358,1561.0,0.998402297370951,0.9992965302007045
macro avg,0.9290094648982234,0.917777453422915,0.9230625192682488,5755.0,0.9579602285885696,0.9970754696249579
weighted avg,0.9687935972358728,0.9690703735881842,0.9688701924087124,5755.0,0.9915555862548714,0.998317114993161
